Date,Open,High,Low,Close,Gain,% Gain
1/22/2018,2809.16,2833.03,2808.12,2832.97,23.81,0.0085
1/23/2018,2835.05,2842.24,2830.59,2839.13,4.08,0.0014
1/24/2018,2845.42,2852.97,2824.81,2837.54,-7.88,-0.0028
1/25/2018,2846.24,2848.56,2830.94,2839.25,-6.99,-0.0025
1/26/2018,2847.48,2872.87,2846.18,2872.87,25.39,0.0089
1/29/2018,2867.23,2870.62,2851.48,2853.53,-13.70,-0.0048
1/30/2018,2832.74,2837.75,2818.27,2822.43,-10.31,-0.0036
1/31/2018,2832.41,2839.26,2813.04,2823.81,-8.60,-0.0030
2/1/2018,2816.45,2835.96,2812.70,2821.98,5.53,0.0020
2/2/2018,2808.92,2808.92,2759.97,2762.13,-46.79,-0.0167
2/5/2018,2741.06,2763.39,2638.17,2648.94,-92.12,-0.0336
2/6/2018,2614.78,2701.04,2593.07,2695.14,80.36,0.0307
2/7/2018,2690.95,2727.67,2681.33,2681.66,-9.29,-0.0035
2/8/2018,2685.01,2685.27,2580.56,2581.00,-104.01,-0.0387
2/9/2018,2601.78,2638.67,2532.69,2619.55,17.77,0.0068
2/12/2018,2636.75,2672.61,2622.45,2656.00,19.25,0.0073
2/13/2018,2646.27,2668.84,2637.08,2662.94,16.67,0.0063
2/14/2018,2651.21,2702.10,2648.87,2698.63,47.42,0.0179
2/15/2018,2713.46,2731.51,2689.82,2731.20,17.74,0.0065
2/16/2018,2727.14,2754.42,2725.11,2732.22,5.08,0.0019
2/20/2018,2722.99,2737.60,2706.76,2716.26,-6.73,-0.0025
2/21/2018,2720.53,2747.75,2701.29,2701.33,-19.20,-0.0071
2/22/2018,2710.42,2731.26,2697.77,2703.96,-6.46,-0.0024
2/23/2018,2715.80,2747.76,2713.74,2747.30,31.50,0.0116
2/26/2018,2757.37,2780.64,2753.78,2779.60,22.23,0.0081
2/27/2018,2780.45,2789.15,2744.22,2744.28,-36.17,-0.0130
2/28/2018,2753.78,2761.52,2713.54,2713.83,-39.95,-0.0145
3/1/2018,2715.22,2730.89,2659.65,2677.67,-37.55,-0.0138
3/2/2018,2658.89,2696.25,2647.32,2691.25,32.36,0.0122
3/5/2018,2681.06,2728.09,2675.75,2720.94,39.88,0.0149
3/6/2018,2730.18,2732.08,2711.26,2728.12,-2.06,-0.0008
3/7/2018,2710.18,2730.60,2701.74,2726.80,16.62,0.0061
3/8/2018,2732.75,2740.45,2722.65,2738.97,6.22,0.0023
3/9/2018,2752.91,2786.57,2751.54,2786.57,33.66,0.0122
3/12/2018,2790.54,2796.98,2779.26,2783.02,-7.52,-0.0027
3/13/2018,2792.31,2801.90,2758.68,2765.31,-27.00,-0.0097
3/14/2018,2774.06,2777.11,2744.38,2749.48,-24.58,-0.0089
3/15/2018,2754.27,2763.03,2741.47,2747.33,-6.94,-0.0025
3/16/2018,2750.57,2761.85,2749.97,2752.01,1.44,0.0005
3/19/2018,2741.38,2741.38,2694.59,2712.92,-28.46,-0.0104
3/20/2018,2715.05,2724.22,2710.05,2716.94,1.89,0.0007
3/21/2018,2714.99,2739.14,2709.79,2711.93,-3.06,-0.0011
3/22/2018,2691.36,2695.68,2641.59,2643.69,-47.67,-0.0177
3/23/2018,2646.71,2657.67,2585.89,2588.26,-58.45,-0.0221
3/26/2018,2619.35,2661.36,2601.81,2658.55,39.20,0.0150
3/27/2018,2667.57,2674.78,2596.12,2612.62,-54.95,-0.0206
3/28/2018,2611.30,2632.65,2593.06,2605.00,-6.30,-0.0024
3/29/2018,2614.41,2659.07,2609.72,2640.87,26.46,0.0101
4/2/2018,2633.45,2638.30,2553.80,2581.88,-51.57,-0.0196
4/3/2018,2592.17,2619.14,2575.49,2614.45,22.28,0.0086
4/4/2018,2584.04,2649.86,2573.61,2644.69,60.65,0.0235
4/5/2018,2657.36,2672.08,2649.58,2662.84,5.48,0.0021
4/6/2018,2645.82,2656.88,2586.27,2604.47,-41.35,-0.0156
4/9/2018,2617.18,2653.55,2610.79,2613.16,-4.02,-0.0015
4/10/2018,2638.41,2665.45,2635.78,2656.87,18.46,0.0070
4/11/2018,2643.89,2661.43,2639.25,2642.19,-1.70,-0.0006
4/12/2018,2653.83,2674.72,2653.83,2663.99,10.16,0.0038
4/13/2018,2676.90,2680.26,2645.05,2656.30,-20.60,-0.0077
4/16/2018,2670.10,2686.49,2665.16,2677.84,7.74,0.0029
4/17/2018,2692.74,2713.34,2692.05,2706.39,13.65,0.0051
4/18/2018,2710.11,2717.49,2703.63,2708.64,-1.47,-0.0005
4/19/2018,2701.16,2702.84,2681.90,2693.13,-8.03,-0.0030
4/20/2018,2692.56,2693.94,2660.61,2670.14,-22.42,-0.0083
4/23/2018,2675.40,2682.86,2657.99,2670.29,-5.11,-0.0019
4/24/2018,2680.80,2683.55,2617.32,2634.56,-46.24,-0.0172
4/25/2018,2634.92,2645.30,2612.67,2639.40,4.48,0.0017
4/26/2018,2651.65,2676.48,2647.16,2666.94,15.29,0.0058
4/27/2018,2675.47,2677.35,2659.01,2669.91,-5.56,-0.0021
4/30/2018,2682.51,2682.87,2648.04,2648.05,-34.46,-0.0128
5/1/2018,2642.96,2655.27,2625.41,2654.80,11.84,0.0045
5/2/2018,2654.24,2660.87,2631.70,2635.67,-18.57,-0.0070
5/3/2018,2628.08,2637.14,2594.62,2629.73,1.65,0.0006
5/4/2018,2621.45,2670.93,2615.32,2663.42,41.97,0.0160
5/7/2018,2680.34,2683.35,2664.70,2672.63,-7.71,-0.0029
5/8/2018,2670.26,2676.34,2655.20,2671.92,1.66,0.0006
5/9/2018,2678.12,2701.27,2674.14,2697.79,19.67,0.0073
5/10/2018,2705.02,2726.11,2704.54,2723.07,18.05,0.0067
5/11/2018,2722.70,2732.86,2717.45,2727.72,5.02,0.0018
5/14/2018,2738.47,2742.10,2725.47,2730.13,-8.34,-0.0030
5/15/2018,2718.59,2718.59,2701.91,2711.45,-7.14,-0.0026
5/16/2018,2712.62,2727.76,2712.17,2722.46,9.84,0.0036
5/17/2018,2719.71,2731.96,2711.36,2720.13,0.42,0.0002
5/18/2018,2717.35,2719.50,2709.18,2712.97,-4.38,-0.0016
5/21/2018,2735.39,2739.19,2725.70,2733.01,-2.38,-0.0009
5/22/2018,2738.34,2742.24,2721.88,2724.44,-13.90,-0.0051
5/23/2018,2713.98,2733.33,2709.54,2733.29,19.31,0.0071
5/24/2018,2730.94,2731.97,2707.38,2727.76,-3.18,-0.0012
5/25/2018,2723.60,2727.36,2714.99,2721.33,-2.27,-0.0008
5/29/2018,2705.11,2710.67,2676.81,2689.86,-15.25,-0.0056
5/30/2018,2702.43,2729.34,2702.43,2724.01,21.58,0.0080
5/31/2018,2720.98,2722.50,2700.68,2705.27,-15.71,-0.0058
6/1/2018,2718.70,2736.93,2718.70,2734.62,15.92,0.0059
6/4/2018,2741.67,2749.16,2740.54,2746.87,5.20,0.0019
6/5/2018,2748.46,2752.61,2739.51,2748.80,0.34,0.0001
6/6/2018,2753.25,2772.39,2748.46,2772.35,19.10,0.0069
6/7/2018,2774.84,2779.90,2760.16,2770.37,-4.47,-0.0016
6/8/2018,2765.84,2779.39,2763.59,2779.03,13.19,0.0048
6/11/2018,2780.18,2790.21,2780.17,2782.00,1.82,0.0007
6/12/2018,2785.60,2789.80,2778.78,2786.85,1.25,0.0004
6/13/2018,2787.94,2791.47,2774.65,2775.63,-12.31,-0.0044
6/14/2018,2783.21,2789.06,2776.52,2782.49,-0.72,-0.0003
6/15/2018,2777.78,2782.81,2761.73,2779.66,1.88,0.0007
6/18/2018,2765.79,2774.99,2757.12,2773.75,7.96,0.0029
6/19/2018,2752.01,2765.05,2743.19,2762.59,10.58,0.0038
6/20/2018,2769.73,2774.86,2763.91,2767.32,-2.41,-0.0009
6/21/2018,2769.28,2769.28,2744.39,2749.76,-19.52,-0.0070
6/22/2018,2760.79,2764.17,2752.68,2754.88,-5.91,-0.0021
6/25/2018,2742.94,2742.94,2698.67,2717.07,-25.87,-0.0094
6/26/2018,2722.12,2732.91,2715.60,2723.06,0.94,0.0003
6/27/2018,2728.45,2746.09,2699.38,2699.63,-28.82,-0.0106
6/28/2018,2698.69,2724.34,2691.99,2716.31,17.62,0.0065
6/29/2018,2727.13,2743.26,2718.03,2718.37,-8.76,-0.0032
7/2/2018,2704.95,2727.26,2698.95,2726.71,21.76,0.0080
7/3/2018,2733.27,2736.58,2711.16,2713.22,-20.05,-0.0073
7/5/2018,2724.19,2737.83,2716.02,2736.61,12.42,0.0046
7/6/2018,2737.68,2764.41,2733.52,2759.82,22.14,0.0081
7/9/2018,2775.62,2784.65,2770.73,2784.17,8.55,0.0031
7/10/2018,2788.56,2795.58,2786.24,2793.84,5.28,0.0019
7/11/2018,2779.82,2785.91,2770.77,2774.02,-5.80,-0.0021
7/12/2018,2783.14,2799.22,2781.53,2798.29,15.15,0.0054
7/13/2018,2796.93,2804.53,2791.69,2801.31,4.38,0.0016
7/16/2018,2797.36,2801.19,2793.39,2798.43,1.07,0.0004
7/17/2018,2789.34,2814.19,2789.24,2809.55,20.21,0.0072
7/18/2018,2811.35,2816.76,2805.89,2815.62,4.27,0.0015
7/19/2018,2809.37,2812.05,2799.77,2804.49,-4.88,-0.0017
7/20/2018,2804.55,2809.70,2800.01,2801.83,-2.72,-0.0010
7/23/2018,2799.17,2808.61,2795.14,2806.98,7.81,0.0028
7/24/2018,2820.68,2829.99,2811.12,2820.40,-0.28,-0.0001
7/25/2018,2817.73,2848.03,2817.73,2846.07,28.34,0.0101
7/26/2018,2835.49,2845.57,2835.26,2837.44,1.95,0.0007
7/27/2018,2842.35,2843.17,2808.34,2818.82,-23.53,-0.0083
7/30/2018,2819.00,2821.74,2798.11,2802.60,-16.40,-0.0058
7/31/2018,2809.73,2824.46,2808.06,2816.29,6.56,0.0023
8/1/2018,2821.17,2825.83,2805.85,2813.36,-7.81,-0.0028
8/2/2018,2800.48,2829.91,2796.34,2827.22,26.74,0.0095
8/3/2018,2829.62,2840.38,2827.37,2840.35,10.73,0.0038
8/6/2018,2840.29,2853.29,2835.98,2850.40,10.11,0.0036
8/7/2018,2855.92,2863.43,2855.92,2858.45,2.53,0.0009
8/8/2018,2856.79,2862.44,2853.09,2857.70,0.91,0.0003
8/9/2018,2857.19,2862.48,2851.98,2853.58,-3.61,-0.0013
8/10/2018,2838.90,2842.20,2825.81,2833.28,-5.62,-0.0020
8/13/2018,2835.46,2843.40,2819.88,2821.93,-13.53,-0.0048
8/14/2018,2827.88,2843.11,2826.58,2839.96,12.08,0.0043
8/15/2018,2827.95,2827.95,2802.49,2818.37,-9.58,-0.0034
8/16/2018,2831.44,2850.49,2831.44,2840.69,9.25,0.0033
8/17/2018,2838.32,2855.63,2833.73,2850.13,11.81,0.0042
8/20/2018,2853.93,2859.76,2850.62,2857.05,3.12,0.0011
8/21/2018,2861.51,2873.23,2861.32,2862.96,1.45,0.0005
8/22/2018,2860.99,2867.54,2856.05,2861.82,0.83,0.0003
8/23/2018,2860.29,2868.78,2854.03,2856.98,-3.31,-0.0012
8/24/2018,2862.35,2876.16,2862.35,2874.69,12.34,0.0043
8/27/2018,2884.69,2898.25,2884.69,2896.74,12.05,0.0042
8/28/2018,2901.45,2903.77,2893.50,2897.52,-3.93,-0.0014
8/29/2018,2900.62,2916.50,2898.40,2914.04,13.42,0.0046
8/30/2018,2908.94,2912.46,2895.22,2901.13,-7.81,-0.0027
8/31/2018,2898.37,2906.32,2891.73,2901.52,3.15,0.0011
9/4/2018,2896.96,2900.18,2885.13,2896.72,-0.24,-0.0001
9/5/2018,2891.59,2894.21,2876.92,2888.60,-2.99,-0.0010
9/6/2018,2888.64,2892.05,2867.29,2878.05,-10.59,-0.0037
9/7/2018,2868.26,2883.81,2864.12,2871.68,3.42,0.0012
9/10/2018,2881.39,2886.93,2875.94,2877.13,-4.26,-0.0015
9/11/2018,2871.57,2892.52,2866.78,2887.89,16.32,0.0057
9/12/2018,2888.29,2894.65,2879.20,2888.92,0.63,0.0002
9/13/2018,2896.85,2906.76,2896.39,2904.18,7.33,0.0025
9/14/2018,2906.38,2908.30,2895.77,2904.98,-1.40,-0.0005
9/17/2018,2903.83,2904.65,2886.16,2888.80,-15.03,-0.0052
9/18/2018,2890.74,2911.17,2890.43,2904.31,13.57,0.0047
9/19/2018,2906.60,2912.36,2903.82,2907.95,1.35,0.0005
9/20/2018,2919.73,2934.80,2919.73,2930.75,11.02,0.0038
9/21/2018,2936.76,2940.91,2927.11,2929.67,-7.09,-0.0024
9/24/2018,2921.83,2923.79,2912.63,2919.37,-2.46,-0.0008
9/25/2018,2921.75,2923.95,2913.70,2915.56,-6.19,-0.0021
9/26/2018,2916.98,2931.15,2903.28,2905.97,-11.01,-0.0038
9/27/2018,2911.65,2927.22,2909.27,2914.00,2.35,0.0008
9/28/2018,2910.03,2920.53,2907.50,2913.98,3.95,0.0014
10/1/2018,2926.29,2937.06,2917.91,2924.59,-1.70,-0.0006
10/2/2018,2923.80,2931.42,2919.37,2923.43,-0.37,-0.0001
10/3/2018,2931.69,2939.86,2921.36,2925.51,-6.18,-0.0021
10/4/2018,2919.35,2919.78,2883.92,2901.61,-17.74,-0.0061
10/5/2018,2902.54,2909.64,2869.29,2885.57,-16.97,-0.0058
10/8/2018,2877.53,2889.45,2862.08,2884.43,6.90,0.0024
10/9/2018,2882.51,2894.83,2874.27,2880.34,-2.17,-0.0008
10/10/2018,2873.90,2874.02,2784.86,2785.68,-88.22,-0.0307
10/11/2018,2776.87,2795.14,2710.51,2728.37,-48.50,-0.0175
10/12/2018,2770.54,2775.77,2729.44,2767.13,-3.41,-0.0012
10/15/2018,2763.83,2775.99,2749.03,2750.79,-13.04,-0.0047
10/16/2018,2767.05,2813.46,2766.91,2809.92,42.87,0.0155
10/17/2018,2811.67,2816.94,2781.81,2809.21,-2.46,-0.0009
10/18/2018,2802.00,2806.04,2755.18,2768.78,-33.22,-0.0119
10/19/2018,2775.66,2797.77,2760.27,2767.78,-7.88,-0.0028
10/22/2018,2773.94,2778.94,2749.22,2755.88,-18.06,-0.0065
10/23/2018,2721.03,2753.59,2691.43,2740.69,19.66,0.0072
10/24/2018,2737.87,2742.59,2651.89,2656.10,-81.77,-0.0299
10/25/2018,2674.88,2722.70,2667.84,2705.57,30.69,0.0115
10/26/2018,2667.86,2692.38,2628.16,2658.69,-9.17,-0.0034
10/29/2018,2682.65,2706.85,2603.54,2641.25,-41.40,-0.0154
10/30/2018,2640.68,2685.43,2635.34,2682.63,41.95,0.0159
10/31/2018,2705.60,2736.69,2705.60,2711.74,6.14,0.0023
11/1/2018,2717.58,2741.67,2708.85,2740.37,22.79,0.0084
11/2/2018,2745.45,2756.55,2700.44,2723.06,-22.39,-0.0082
11/5/2018,2726.37,2744.27,2717.94,2738.31,11.94,0.0044
11/6/2018,2738.40,2756.82,2737.08,2755.45,17.05,0.0062
11/7/2018,2774.13,2815.15,2774.13,2813.89,39.76,0.0143
11/8/2018,2806.38,2814.75,2794.99,2806.83,0.45,0.0002
11/9/2018,2794.10,2794.10,2764.24,2781.01,-13.09,-0.0047
11/12/2018,2773.93,2775.99,2722.00,2726.22,-47.71,-0.0172
11/13/2018,2730.05,2754.60,2714.98,2722.18,-7.87,-0.0029
11/14/2018,2737.90,2746.80,2685.75,2701.58,-36.32,-0.0133
11/15/2018,2693.52,2735.38,2670.75,2730.20,36.68,0.0136
11/16/2018,2718.54,2746.75,2712.16,2736.27,17.73,0.0065
11/19/2018,2730.74,2733.16,2681.09,2690.73,-40.01,-0.0147
11/20/2018,2654.60,2669.44,2631.52,2641.89,-12.71,-0.0048
11/21/2018,2657.74,2670.73,2649.82,2649.93,-7.81,-0.0029
11/23/2018,2633.36,2647.55,2631.09,2632.56,-0.80,-0.0003
11/26/2018,2649.97,2674.35,2649.97,2673.45,23.48,0.0089
11/27/2018,2663.75,2682.53,2655.89,2682.17,18.42,0.0069
11/28/2018,2691.45,2744.00,2684.38,2743.79,52.34,0.0194
11/29/2018,2736.97,2753.75,2722.94,2737.80,0.83,0.0003
11/30/2018,2737.76,2760.88,2732.76,2760.17,22.41,0.0082
12/3/2018,2790.50,2800.18,2773.38,2790.37,-0.13,0.0000
12/4/2018,2782.43,2785.93,2697.18,2700.06,-82.37,-0.0296
12/6/2018,2663.51,2696.15,2621.53,2695.95,32.44,0.0122
12/7/2018,2691.26,2708.54,2623.14,2633.08,-58.18,-0.0216
12/10/2018,2630.86,2647.51,2583.23,2637.72,6.86,0.0026
12/11/2018,2664.44,2674.35,2621.30,2636.78,-27.66,-0.0104
12/12/2018,2658.23,2685.44,2650.26,2651.07,-7.16,-0.0027
12/13/2018,2658.70,2670.19,2637.27,2650.54,-8.16,-0.0031
12/14/2018,2629.68,2635.07,2593.84,2599.95,-29.73,-0.0113
12/17/2018,2590.75,2601.13,2530.54,2545.94,-44.81,-0.0173
12/18/2018,2559.90,2573.99,2528.71,2546.16,-13.74,-0.0054
12/19/2018,2547.05,2585.29,2488.96,2506.96,-40.09,-0.0157
12/20/2018,2496.77,2509.63,2441.18,2467.42,-29.35,-0.0118
12/21/2018,2465.38,2504.41,2408.55,2416.62,-48.76,-0.0198
12/24/2018,2400.56,2410.34,2351.10,2351.10,-49.46,-0.0206
12/26/2018,2363.12,2467.76,2346.58,2467.70,104.58,0.0443
12/27/2018,2442.50,2489.10,2397.94,2488.83,46.33,0.0190
12/28/2018,2498.77,2520.27,2472.89,2485.74,-13.03,-0.0052
12/31/2018,2498.94,2509.24,2482.82,2506.85,7.91,0.0032
1/2/2019,2476.96,2519.49,2467.47,2510.03,33.07,0.0134
1/3/2019,2491.92,2493.14,2443.96,2447.89,-44.03,-0.0177
1/4/2019,2474.33,2538.07,2474.33,2531.94,57.61,0.0233
1/7/2019,2535.61,2566.16,2524.56,2549.69,14.08,0.0056
1/8/2019,2568.11,2579.82,2547.56,2574.41,6.30,0.0025
1/9/2019,2580.00,2595.32,2568.89,2584.96,4.96,0.0019
1/10/2019,2573.51,2597.82,2562.02,2596.64,23.13,0.0090
1/11/2019,2588.11,2596.27,2577.40,2596.26,8.15,0.0031
1/14/2019,2580.31,2589.32,2570.41,2582.61,2.30,0.0009
1/15/2019,2585.10,2613.08,2585.10,2610.30,25.20,0.0097
1/16/2019,2614.75,2625.76,2612.68,2616.10,1.35,0.0005
1/17/2019,2609.28,2645.06,2606.36,2635.96,26.68,0.0102
1/18/2019,2651.27,2675.47,2647.58,2670.71,19.44,0.0073
1/22/2019,2657.88,2657.88,2617.27,2632.90,-24.98,-0.0094
1/23/2019,2643.48,2653.19,2612.86,2638.70,-4.78,-0.0018
1/24/2019,2638.84,2647.20,2627.01,2642.33,3.49,0.0013
1/25/2019,2657.44,2672.38,2657.33,2664.76,7.32,0.0028
1/28/2019,2644.97,2644.97,2624.06,2643.85,-1.12,-0.0004
1/29/2019,2644.89,2650.93,2631.05,2640.00,-4.89,-0.0018
1/30/2019,2653.62,2690.44,2648.34,2681.05,27.43,0.0103
1/31/2019,2685.49,2708.95,2678.65,2704.10,18.61,0.0069
2/1/2019,2702.32,2716.66,2696.88,2706.53,4.21,0.0016
2/4/2019,2706.49,2724.99,2698.75,2724.87,18.38,0.0068
2/5/2019,2728.34,2738.98,2724.03,2737.70,9.36,0.0034
2/6/2019,2735.05,2738.08,2724.15,2731.61,-3.44,-0.0013
2/7/2019,2717.53,2719.32,2687.26,2706.05,-11.48,-0.0042
2/8/2019,2692.36,2708.07,2681.83,2707.88,15.52,0.0058
2/11/2019,2712.40,2718.05,2703.79,2709.80,-2.60,-0.0010
2/12/2019,2722.61,2748.19,2722.61,2744.73,22.12,0.0081
2/13/2019,2750.30,2761.85,2748.63,2753.03,2.73,0.0010
2/14/2019,2743.50,2757.90,2731.23,2745.73,2.23,0.0008
2/15/2019,2760.24,2775.66,2760.24,2775.60,15.36,0.0056
2/19/2019,2769.28,2787.33,2767.29,2779.76,10.48,0.0038
2/20/2019,2779.05,2789.88,2774.06,2784.70,5.65,0.0020
2/21/2019,2780.24,2781.58,2764.55,2774.88,-5.36,-0.0019
2/22/2019,2780.67,2794.20,2779.11,2792.67,12.00,0.0043
2/25/2019,2804.35,2813.49,2794.99,2796.11,-8.24,-0.0029
2/26/2019,2792.36,2803.12,2789.47,2793.90,1.54,0.0006
2/27/2019,2787.50,2795.76,2775.13,2792.38,4.88,0.0018
2/28/2019,2788.11,2793.73,2782.51,2784.49,-3.62,-0.0013
3/1/2019,2798.22,2808.02,2787.38,2803.69,5.47,0.0020
3/4/2019,2814.37,2816.88,2767.66,2792.81,-21.56,-0.0077
3/5/2019,2794.41,2796.44,2782.97,2789.65,-4.76,-0.0017
3/6/2019,2790.27,2790.27,2768.69,2771.45,-18.82,-0.0067
3/7/2019,2766.53,2767.25,2739.09,2748.93,-17.60,-0.0064
3/8/2019,2730.79,2744.13,2722.27,2743.07,12.28,0.0045
3/11/2019,2747.61,2784.00,2747.61,2783.30,35.69,0.0130
3/12/2019,2787.34,2798.32,2786.73,2791.52,4.18,0.0015
3/13/2019,2799.78,2821.24,2799.78,2810.92,11.14,0.0040
3/14/2019,2810.38,2815.00,2803.46,2808.48,-1.90,-0.0007
3/15/2019,2810.79,2830.73,2810.79,2822.48,11.69,0.0042
3/18/2019,2822.61,2835.41,2821.99,2832.94,10.33,0.0037
3/19/2019,2840.76,2852.42,2823.27,2832.57,-8.19,-0.0029
3/20/2019,2831.34,2843.54,2812.43,2824.23,-7.11,-0.0025
3/21/2019,2819.72,2860.31,2817.38,2854.88,35.16,0.0125
3/22/2019,2844.52,2846.16,2800.47,2800.71,-43.81,-0.0154
3/25/2019,2796.01,2809.79,2785.02,2798.36,2.35,0.0008
3/26/2019,2812.66,2829.87,2803.99,2818.46,5.80,0.0021
3/27/2019,2819.72,2825.56,2787.72,2805.37,-14.35,-0.0051
3/28/2019,2809.40,2819.71,2798.77,2815.44,6.04,0.0022
3/29/2019,2828.27,2836.03,2819.23,2834.40,6.13,0.0022
4/1/2019,2848.63,2869.40,2848.63,2867.19,18.56,0.0065
4/2/2019,2868.24,2872.90,2858.75,2867.24,-1.00,-0.0003
4/3/2019,2876.09,2885.25,2865.17,2873.40,-2.69,-0.0009
4/4/2019,2873.99,2881.28,2867.14,2879.39,5.40,0.0019
4/5/2019,2884.16,2893.24,2882.99,2892.74,8.58,0.0030
4/8/2019,2888.46,2895.95,2880.78,2895.77,7.31,0.0025
4/9/2019,2886.58,2886.88,2873.33,2878.20,-8.38,-0.0029
4/10/2019,2881.37,2889.71,2879.13,2888.21,6.84,0.0024
4/11/2019,2891.92,2893.42,2881.99,2888.32,-3.60,-0.0012
4/12/2019,2900.86,2910.54,2898.37,2907.41,6.55,0.0023
4/15/2019,2908.32,2909.60,2896.48,2905.58,-2.74,-0.0009
4/16/2019,2912.26,2916.06,2900.71,2907.06,-5.20,-0.0018
4/17/2019,2916.04,2918.00,2895.45,2900.45,-15.59,-0.0053
4/18/2019,2904.81,2908.40,2891.90,2905.03,0.22,0.0001
4/22/2019,2898.78,2909.51,2896.35,2907.97,9.19,0.0032
4/23/2019,2909.99,2936.31,2908.53,2933.68,23.69,0.0081
4/24/2019,2934.00,2936.83,2926.05,2927.25,-6.75,-0.0023
4/25/2019,2928.99,2933.10,2912.84,2926.17,-2.82,-0.0010
4/26/2019,2925.81,2939.88,2917.56,2939.88,14.07,0.0048
4/29/2019,2940.58,2949.52,2939.35,2943.03,2.45,0.0008
4/30/2019,2937.14,2948.22,2924.11,2945.83,8.69,0.0030
5/1/2019,2952.33,2954.13,2923.36,2923.73,-28.60,-0.0097
5/2/2019,2922.16,2931.68,2900.50,2917.52,-4.64,-0.0016
5/3/2019,2929.21,2947.85,2929.21,2945.64,16.43,0.0056
5/6/2019,2908.89,2937.32,2898.21,2932.47,23.58,0.0081
5/7/2019,2913.03,2913.03,2862.60,2884.05,-28.98,-0.0099
5/8/2019,2879.61,2897.96,2873.28,2879.42,-0.19,-0.0001
5/9/2019,2859.84,2875.97,2836.40,2870.72,10.88,0.0038
5/10/2019,2863.10,2891.31,2825.39,2881.40,18.30,0.0064
5/13/2019,2840.19,2840.19,2801.43,2811.87,-28.32,-0.0100
5/14/2019,2820.12,2852.54,2820.12,2834.41,14.29,0.0051
5/15/2019,2820.38,2858.68,2815.08,2850.96,30.58,0.0108
5/16/2019,2855.80,2892.15,2855.80,2876.32,20.52,0.0072
5/17/2019,2858.60,2885.48,2854.23,2859.53,0.93,0.0003
5/20/2019,2841.94,2853.86,2831.29,2840.23,-1.71,-0.0006
5/21/2019,2854.02,2868.88,2854.02,2864.36,10.34,0.0036
5/22/2019,2856.06,2865.47,2851.11,2856.27,0.21,0.0001
5/23/2019,2836.70,2836.70,2805.49,2822.24,-14.46,-0.0051
5/24/2019,2832.41,2841.36,2820.19,2826.06,-6.35,-0.0022
5/28/2019,2830.03,2840.51,2801.58,2802.39,-27.64,-0.0098
5/29/2019,2790.25,2792.03,2766.06,2783.02,-7.23,-0.0026
5/30/2019,2786.94,2799.00,2776.74,2788.86,1.92,0.0007
5/31/2019,2766.15,2768.98,2750.52,2752.06,-14.09,-0.0051
6/3/2019,2751.53,2763.07,2728.81,2744.45,-7.08,-0.0026
6/4/2019,2762.64,2804.49,2762.64,2803.27,40.63,0.0147
6/5/2019,2818.09,2827.28,2800.92,2826.15,8.06,0.0029
6/6/2019,2828.51,2852.10,2822.45,2843.49,14.98,0.0053
6/7/2019,2852.87,2884.97,2852.87,2873.34,20.47,0.0072
6/10/2019,2885.83,2904.77,2885.51,2886.73,0.90,0.0003
6/11/2019,2903.27,2910.61,2878.53,2885.72,-17.55,-0.0060
6/12/2019,2882.73,2888.57,2874.68,2879.84,-2.89,-0.0010
6/13/2019,2886.24,2895.24,2881.99,2891.64,5.40,0.0019
6/14/2019,2886.82,2894.45,2879.62,2886.98,0.16,0.0001
6/17/2019,2889.75,2897.27,2887.30,2889.67,-0.08,0.0000
6/18/2019,2906.71,2930.79,2905.44,2917.75,11.04,0.0038
6/19/2019,2920.55,2931.74,2911.43,2926.46,5.91,0.0020
6/20/2019,2949.60,2958.06,2931.50,2954.18,4.58,0.0016
6/21/2019,2952.71,2964.15,2946.87,2950.46,-2.25,-0.0008
6/24/2019,2951.42,2954.92,2944.05,2945.35,-6.07,-0.0021
6/25/2019,2945.78,2946.52,2916.01,2917.38,-28.40,-0.0096
6/26/2019,2926.07,2932.59,2912.99,2913.78,-12.29,-0.0042
6/27/2019,2919.66,2929.30,2918.57,2924.92,5.26,0.0018
6/28/2019,2932.94,2943.98,2929.05,2941.76,8.82,0.0030
7/1/2019,2971.41,2977.93,2952.22,2964.33,-7.08,-0.0024
7/2/2019,2964.66,2973.21,2955.92,2973.01,8.35,0.0028
7/3/2019,2978.08,2995.84,2977.96,2995.82,17.74,0.0060
7/5/2019,2984.25,2994.03,2967.97,2990.41,6.16,0.0021
7/8/2019,2979.77,2980.76,2970.09,2975.95,-3.82,-0.0013
7/9/2019,2965.52,2981.90,2963.44,2979.63,14.11,0.0048
7/10/2019,2989.30,3002.98,2984.62,2993.07,3.77,0.0013
7/11/2019,2999.62,3002.33,2988.80,2999.91,0.29,0.0001
7/12/2019,3003.36,3013.92,3001.87,3013.77,10.41,0.0035
7/15/2019,3017.80,3017.80,3008.77,3014.30,-3.50,-0.0012
7/16/2019,3012.13,3015.02,3001.15,3004.04,-8.09,-0.0027
7/17/2019,3005.10,3005.26,2984.25,2984.42,-20.68,-0.0069
7/18/2019,2978.87,2998.28,2973.09,2995.11,16.24,0.0055
7/19/2019,3004.26,3006.02,2975.86,2976.61,-27.65,-0.0092
7/22/2019,2981.93,2990.71,2976.65,2985.03,3.10,0.0010
7/23/2019,2994.74,3005.90,2988.56,3005.47,10.73,0.0036
7/24/2019,2998.77,3019.59,2996.82,3019.56,20.79,0.0069
7/25/2019,3016.26,3016.31,2997.24,3003.67,-12.59,-0.0042
7/26/2019,3013.25,3027.98,3012.59,3025.86,12.61,0.0042
7/29/2019,3024.47,3025.61,3014.30,3020.97,-3.50,-0.0012
7/30/2019,3007.66,3017.19,3000.94,3013.18,5.52,0.0018
7/31/2019,3016.22,3017.40,2958.08,2980.38,-35.84,-0.0119
8/1/2019,2980.32,3013.59,2945.23,2953.56,-26.76,-0.0090
8/2/2019,2943.90,2945.50,2914.11,2932.05,-11.85,-0.0040
8/5/2019,2898.07,2898.07,2822.12,2844.74,-53.33,-0.0184
8/6/2019,2861.18,2884.40,2847.42,2881.77,20.59,0.0072
8/7/2019,2858.65,2892.17,2825.71,2883.98,25.33,0.0089
8/8/2019,2896.21,2938.72,2894.47,2938.09,41.88,0.0145
8/9/2019,2930.51,2935.75,2900.15,2918.65,-11.86,-0.0040
8/12/2019,2907.07,2907.58,2873.14,2882.70,-24.37,-0.0084
8/13/2019,2880.72,2943.31,2877.05,2926.32,45.60,0.0158
8/14/2019,2894.15,2894.15,2839.64,2840.60,-53.55,-0.0185
8/15/2019,2846.20,2856.67,2825.51,2847.60,1.40,0.0005
8/16/2019,2864.74,2893.63,2864.74,2888.68,23.94,0.0084
8/19/2019,2913.48,2931.00,2913.48,2923.65,10.17,0.0035
8/20/2019,2919.01,2923.63,2899.60,2900.51,-18.50,-0.0063
8/21/2019,2922.04,2928.73,2917.91,2924.43,2.39,0.0008
8/22/2019,2930.94,2939.08,2904.51,2922.95,-7.99,-0.0027
8/23/2019,2911.07,2927.01,2834.97,2847.11,-63.96,-0.0220
8/26/2019,2866.70,2879.27,2856.00,2878.38,11.68,0.0041
8/27/2019,2893.14,2898.79,2860.59,2869.16,-23.98,-0.0083
8/28/2019,2861.28,2890.03,2853.05,2887.94,26.66,0.0093
8/29/2019,2910.37,2930.50,2905.67,2924.58,14.21,0.0049
8/30/2019,2937.09,2940.43,2913.32,2926.46,-10.63,-0.0036
9/3/2019,2909.01,2914.39,2891.85,2906.27,-2.74,-0.0009
9/4/2019,2924.67,2938.84,2921.86,2937.78,13.11,0.0045
9/5/2019,2960.60,2985.86,2960.60,2976.00,15.40,0.0052
9/6/2019,2980.33,2985.03,2972.51,2978.71,-1.62,-0.0005
9/9/2019,2988.43,2989.43,2969.39,2978.43,-10.00,-0.0033
9/10/2019,2971.01,2979.39,2957.01,2979.39,8.38,0.0028
9/11/2019,2981.41,3000.93,2975.31,3000.93,19.52,0.0065
9/12/2019,3009.08,3020.74,3000.92,3009.57,0.49,0.0002
9/13/2019,3012.21,3017.33,3002.90,3007.39,-4.82,-0.0016
9/16/2019,2996.41,3002.19,2990.67,2997.96,1.55,0.0005
9/17/2019,2995.67,3006.21,2993.73,3005.70,10.03,0.0033
9/18/2019,3001.50,3007.83,2978.57,3006.73,5.23,0.0017
9/19/2019,3010.36,3021.99,3003.16,3006.79,-3.57,-0.0012
9/20/2019,3008.42,3016.37,2984.68,2992.07,-16.35,-0.0054
9/23/2019,2983.50,2999.15,2982.23,2991.78,8.28,0.0028
9/24/2019,3002.43,3007.98,2957.73,2966.60,-35.83,-0.0119
9/25/2019,2968.35,2989.82,2952.86,2984.87,16.52,0.0056
9/26/2019,2985.73,2987.28,2963.71,2977.62,-8.11,-0.0027
9/27/2019,2985.47,2987.31,2945.53,2961.79,-23.68,-0.0079
9/30/2019,2967.07,2983.85,2967.07,2976.74,9.67,0.0033
10/1/2019,2983.69,2992.53,2938.70,2940.25,-43.44,-0.0146
10/2/2019,2924.78,2924.78,2874.93,2887.61,-37.17,-0.0127
10/3/2019,2885.38,2911.13,2855.94,2910.63,25.25,0.0088
10/4/2019,2918.56,2953.74,2918.56,2952.01,33.45,0.0115
10/7/2019,2944.23,2959.75,2935.68,2938.79,-5.44,-0.0018
10/8/2019,2920.40,2925.47,2892.66,2893.06,-27.34,-0.0094
10/9/2019,2911.10,2929.32,2907.41,2919.40,8.30,0.0029
10/10/2019,2918.55,2948.46,2917.12,2938.13,19.58,0.0067
10/11/2019,2963.07,2993.28,2963.07,2970.27,7.20,0.0024
10/14/2019,2965.81,2972.84,2962.94,2966.15,0.34,0.0001
10/15/2019,2973.61,3003.28,2973.61,2995.68,22.07,0.0074
10/16/2019,2989.68,2997.54,2985.20,2989.69,0.01,0.0000
10/17/2019,3000.77,3008.29,2991.79,2997.95,-2.82,-0.0009
10/18/2019,2996.84,3000.00,2976.31,2986.20,-10.64,-0.0036
10/21/2019,2996.48,3007.33,2995.35,3006.72,10.24,0.0034
10/22/2019,3010.73,3014.57,2995.04,2995.99,-14.74,-0.0049
10/23/2019,2994.01,3004.78,2991.21,3004.52,10.51,0.0035
10/24/2019,3014.78,3016.07,3000.42,3010.29,-4.49,-0.0015
10/25/2019,3003.32,3027.39,3001.94,3022.55,19.23,0.0064
10/28/2019,3032.12,3044.08,3032.12,3039.42,7.30,0.0024
10/29/2019,3035.39,3047.87,3034.81,3036.89,1.50,0.0005
10/30/2019,3039.74,3050.10,3025.96,3046.77,7.03,0.0023
10/31/2019,3046.90,3046.90,3023.19,3037.56,-9.34,-0.0031
11/1/2019,3050.72,3066.95,3050.72,3066.91,16.19,0.0053
11/4/2019,3078.96,3085.20,3074.87,3078.27,-0.69,-0.0002
11/5/2019,3080.80,3083.95,3072.15,3074.62,-6.18,-0.0020
11/6/2019,3075.10,3078.34,3065.89,3076.78,1.68,0.0005
11/7/2019,3087.02,3097.77,3080.23,3085.18,-1.84,-0.0006
11/8/2019,3081.25,3093.09,3073.58,3093.08,11.83,0.0038
11/11/2019,3080.33,3088.33,3075.82,3087.01,6.68,0.0022
11/12/2019,3089.28,3102.61,3084.73,3091.84,2.56,0.0008
11/13/2019,3084.18,3098.06,3078.80,3094.04,9.86,0.0032
11/14/2019,3090.75,3098.20,3083.26,3096.63,5.88,0.0019
11/15/2019,3107.92,3120.46,3104.60,3120.46,12.54,0.0040
11/18/2019,3117.91,3124.17,3112.06,3122.03,4.12,0.0013
11/19/2019,3127.45,3127.64,3113.47,3120.18,-7.27,-0.0023
11/20/2019,3114.66,3118.97,3091.41,3108.46,-6.20,-0.0020
11/21/2019,3108.49,3110.11,3094.55,3103.54,-4.95,-0.0016
11/22/2019,3111.41,3112.87,3099.26,3110.29,-1.12,-0.0004
11/25/2019,3117.44,3133.83,3117.44,3133.64,16.20,0.0052
11/26/2019,3134.85,3142.69,3131.00,3140.52,5.67,0.0018
11/27/2019,3145.49,3154.26,3143.41,3153.63,8.14,0.0026
11/29/2019,3147.18,3150.30,3139.34,3140.98,-6.20,-0.0020
12/2/2019,3143.85,3144.31,3110.78,3113.87,-29.98,-0.0095
12/3/2019,3087.41,3094.97,3070.33,3093.20,5.79,0.0019
12/4/2019,3103.50,3119.38,3102.53,3112.76,9.26,0.0030
12/5/2019,3119.21,3119.45,3103.76,3117.43,-1.78,-0.0006
12/6/2019,3134.62,3150.60,3134.62,3145.91,11.29,0.0036
12/9/2019,3141.86,3148.87,3135.46,3135.96,-5.90,-0.0019
12/10/2019,3135.36,3142.12,3126.09,3132.52,-2.84,-0.0009
12/11/2019,3135.75,3143.98,3133.21,3141.63,5.88,0.0019
12/12/2019,3141.23,3176.28,3138.47,3168.57,27.34,0.0087
12/13/2019,3166.65,3182.68,3156.51,3168.80,2.15,0.0007
12/16/2019,3183.63,3197.71,3183.63,3191.45,7.82,0.0025
12/17/2019,3195.40,3198.22,3191.03,3192.52,-2.88,-0.0009
12/18/2019,3195.21,3198.48,3191.14,3191.14,-4.07,-0.0013
12/19/2019,3192.32,3205.48,3192.32,3205.37,13.05,0.0041
12/20/2019,3223.33,3225.65,3216.03,3221.22,-2.11,-0.0007
12/23/2019,3226.05,3227.78,3222.30,3224.01,-2.04,-0.0006
12/24/2019,3225.45,3226.43,3220.51,3223.38,-2.07,-0.0006
12/26/2019,3227.20,3240.08,3227.20,3239.91,12.71,0.0039
12/27/2019,3247.23,3247.93,3234.37,3240.02,-7.21,-0.0022
12/30/2019,3240.09,3240.92,3216.57,3221.29,-18.80,-0.0058
12/31/2019,3215.18,3231.72,3212.03,3230.78,15.60,0.0049
1/2/2020,3244.67,3258.14,3235.53,3257.85,13.18,0.0041
1/3/2020,3226.36,3246.15,3222.34,3234.85,8.49,0.0026
1/6/2020,3217.55,3246.84,3214.64,3246.28,28.73,0.0089
1/7/2020,3241.86,3244.91,3232.43,3237.18,-4.68,-0.0014
1/8/2020,3238.59,3267.07,3236.67,3253.05,14.46,0.0045
1/9/2020,3266.03,3275.58,3263.67,3274.70,8.67,0.0027
1/10/2020,3281.81,3282.99,3260.86,3265.35,-16.46,-0.0050
1/13/2020,3271.13,3288.13,3268.43,3288.13,17.00,0.0052
1/14/2020,3285.35,3294.25,3277.19,3283.15,-2.20,-0.0007
1/15/2020,3282.27,3298.66,3280.69,3289.29,7.02,0.0021
1/16/2020,3302.97,3317.11,3302.82,3316.81,13.84,0.0042
1/17/2020,3323.66,3329.88,3318.86,3329.62,5.96,0.0018
1/21/2020,3321.03,3329.79,3316.61,3320.79,-0.24,-0.0001
1/22/2020,3330.02,3337.77,3320.04,3321.75,-8.27,-0.0025
1/23/2020,3315.77,3326.88,3301.87,3325.54,9.77,0.0029
1/24/2020,3333.10,3333.18,3281.53,3295.47,-37.63,-0.0113
1/27/2020,3247.16,3258.85,3234.50,3243.63,-3.53,-0.0011
1/28/2020,3255.35,3285.78,3253.22,3276.24,20.89,0.0064
1/29/2020,3289.46,3293.47,3271.89,3273.40,-16.06,-0.0049
1/30/2020,3256.45,3285.91,3242.80,3283.66,27.21,0.0084
1/31/2020,3282.33,3282.33,3214.68,3225.52,-56.81,-0.0173
2/3/2020,3235.66,3268.44,3235.66,3248.92,13.26,0.0041
2/4/2020,3280.61,3306.92,3280.61,3297.59,16.98,0.0052
2/5/2020,3324.91,3337.58,3313.75,3334.69,9.78,0.0029
2/6/2020,3344.92,3347.96,3334.39,3345.78,0.86,0.0003
2/7/2020,3335.54,3341.42,3322.12,3327.71,-7.83,-0.0023
2/10/2020,3318.28,3352.26,3317.77,3352.09,33.81,0.0102
2/11/2020,3365.87,3375.63,3352.72,3357.75,-8.12,-0.0024
2/12/2020,3370.50,3381.47,3369.72,3379.45,8.95,0.0027
2/13/2020,3365.90,3385.09,3360.52,3373.94,8.04,0.0024
2/14/2020,3378.08,3380.69,3366.15,3380.16,2.08,0.0006
2/18/2020,3369.04,3375.01,3355.61,3370.29,1.25,0.0004
2/19/2020,3380.39,3393.52,3378.83,3386.15,5.76,0.0017
2/20/2020,3380.45,3389.15,3341.02,3373.23,-7.22,-0.0021
2/21/2020,3360.50,3360.76,3328.45,3337.75,-22.75,-0.0068
2/24/2020,3257.61,3259.81,3214.65,3225.89,-31.72,-0.0097
2/25/2020,3238.94,3246.99,3118.77,3128.21,-110.73,-0.0342
2/26/2020,3139.90,3182.51,3108.99,3116.39,-23.51,-0.0075
2/27/2020,3062.54,3097.07,2977.39,2978.76,-83.78,-0.0274
2/28/2020,2916.90,2959.72,2855.84,2954.22,37.32,0.0128
3/2/2020,2974.28,3090.96,2945.19,3090.23,115.95,0.0390
3/3/2020,3096.46,3136.72,2976.63,3003.37,-93.09,-0.0301
3/4/2020,3045.75,3130.97,3034.38,3130.12,84.37,0.0277
3/5/2020,3075.70,3083.04,2999.83,3023.94,-51.76,-0.0168
3/6/2020,2954.20,2985.93,2901.54,2972.37,18.17,0.0062
3/9/2020,2863.89,2863.89,2734.43,2746.56,-117.33,-0.0410
3/10/2020,2813.48,2882.59,2734.00,2882.23,68.75,0.0244
3/11/2020,2825.60,2825.60,2707.22,2741.38,-84.22,-0.0298
3/12/2020,2630.86,2660.95,2478.86,2480.64,-150.22,-0.0571
3/13/2020,2569.99,2711.33,2492.37,2711.02,141.03,0.0549
3/16/2020,2508.59,2562.98,2380.94,2386.13,-122.46,-0.0488
3/17/2020,2425.66,2553.93,2367.04,2529.19,103.53,0.0427
3/18/2020,2436.50,2453.57,2280.52,2398.10,-38.40,-0.0158
3/19/2020,2393.48,2466.97,2319.78,2409.39,15.91,0.0066
3/20/2020,2431.94,2453.01,2295.56,2304.92,-127.02,-0.0522
3/23/2020,2290.71,2300.73,2191.86,2237.40,-53.31,-0.0233
3/24/2020,2344.44,2449.71,2344.44,2447.33,102.89,0.0439
3/25/2020,2457.77,2571.42,2407.53,2475.56,17.79,0.0072
3/26/2020,2501.29,2637.01,2500.72,2630.07,128.78,0.0515
3/27/2020,2555.87,2615.91,2520.02,2541.47,-14.40,-0.0056
3/30/2020,2558.98,2631.80,2545.28,2626.65,67.67,0.0264
3/31/2020,2614.69,2641.39,2571.15,2584.59,-30.10,-0.0115
4/1/2020,2498.08,2522.75,2447.49,2470.50,-27.58,-0.0110
4/2/2020,2458.54,2533.22,2455.79,2526.90,68.36,0.0278
4/3/2020,2514.92,2538.18,2459.96,2488.65,-26.27,-0.0104
4/6/2020,2578.28,2676.85,2574.57,2663.68,85.40,0.0331
4/7/2020,2738.65,2756.89,2657.67,2659.41,-79.24,-0.0289
4/8/2020,2685.00,2760.75,2663.30,2749.98,64.98,0.0242
4/9/2020,2776.99,2818.57,2762.36,2789.82,12.83,0.0046
4/13/2020,2782.46,2782.46,2721.17,2761.63,-20.83,-0.0075
4/14/2020,2805.10,2851.85,2805.10,2846.06,40.96,0.0146
4/15/2020,2795.64,2801.88,2761.54,2783.36,-12.28,-0.0044
4/16/2020,2799.34,2806.51,2764.32,2799.55,0.21,0.0001
4/17/2020,2842.43,2879.22,2830.88,2874.56,32.13,0.0113
4/20/2020,2845.62,2868.98,2820.43,2823.16,-22.46,-0.0079
4/21/2020,2784.81,2785.54,2727.10,2736.56,-48.25,-0.0173
4/22/2020,2787.89,2815.10,2775.95,2799.31,11.42,0.0041
4/23/2020,2810.42,2844.90,2794.26,2797.80,-12.62,-0.0045
4/24/2020,2812.64,2842.71,2791.76,2836.74,24.10,0.0086
4/27/2020,2854.65,2887.72,2852.89,2878.48,23.83,0.0083
4/28/2020,2909.96,2921.15,2860.71,2863.39,-46.57,-0.0160
4/29/2020,2918.46,2954.86,2912.16,2939.51,21.05,0.0072
4/30/2020,2930.91,2930.91,2892.47,2912.43,-18.48,-0.0063
5/1/2020,2869.09,2869.09,2821.61,2830.71,-38.38,-0.0134
5/4/2020,2815.01,2844.24,2797.85,2842.74,27.73,0.0099
5/5/2020,2868.88,2898.23,2863.55,2868.44,-0.44,-0.0002
5/6/2020,2883.14,2891.11,2847.65,2848.42,-34.72,-0.0120
5/7/2020,2878.26,2901.92,2876.48,2881.19,2.93,0.0010
5/8/2020,2908.83,2932.16,2902.88,2929.80,20.97,0.0072
5/11/2020,2915.46,2944.25,2903.44,2930.19,14.73,0.0051
5/12/2020,2939.50,2945.82,2869.59,2870.12,-69.38,-0.0236
5/13/2020,2865.86,2874.14,2793.15,2820.00,-45.86,-0.0160
5/14/2020,2794.54,2852.80,2766.64,2852.50,57.96,0.0207
5/15/2020,2829.95,2865.01,2816.78,2863.70,33.75,0.0119
5/18/2020,2913.86,2968.09,2913.86,2953.91,40.05,0.0137
5/19/2020,2948.59,2964.21,2922.35,2922.94,-25.65,-0.0087
5/20/2020,2953.63,2980.29,2953.63,2971.61,17.98,0.0061
5/21/2020,2969.95,2978.50,2938.57,2948.51,-21.44,-0.0072
5/22/2020,2948.05,2956.76,2933.59,2955.45,7.40,0.0025
5/26/2020,3004.08,3021.72,2988.17,2991.77,-12.31,-0.0041
5/27/2020,3015.65,3036.25,2969.75,3036.13,20.48,0.0068
5/28/2020,3046.61,3068.67,3023.40,3029.73,-16.88,-0.0055
5/29/2020,3025.17,3049.17,2998.61,3044.31,19.14,0.0063
6/1/2020,3038.78,3062.18,3031.54,3055.73,16.95,0.0056
6/2/2020,3064.78,3081.07,3051.64,3080.82,16.04,0.0052
6/3/2020,3098.90,3130.94,3098.90,3122.87,23.97,0.0077
6/4/2020,3111.56,3128.91,3090.41,3112.35,0.79,0.0003
6/5/2020,3163.84,3211.72,3163.84,3193.93,30.09,0.0095
6/8/2020,3199.92,3233.13,3196.00,3232.39,32.47,0.0101
6/9/2020,3213.32,3222.71,3193.11,3207.18,-6.14,-0.0019
6/10/2020,3213.42,3223.27,3181.49,3190.14,-23.28,-0.0072
6/11/2020,3123.53,3123.53,2999.49,3002.10,-121.43,-0.0389
6/12/2020,3071.04,3088.42,2984.47,3041.31,-29.73,-0.0097
6/15/2020,2993.76,3079.76,2965.66,3066.59,72.83,0.0243
6/16/2020,3131.00,3153.45,3076.06,3124.74,-6.26,-0.0020
6/17/2020,3136.13,3141.16,3108.03,3113.49,-22.64,-0.0072
6/18/2020,3101.64,3120.00,3093.51,3115.34,13.70,0.0044
6/19/2020,3140.29,3155.53,3083.11,3097.74,-42.55,-0.0136
6/22/2020,3094.42,3120.92,3079.39,3117.86,23.44,0.0076
6/23/2020,3138.70,3154.90,3127.12,3131.29,-7.41,-0.0024
6/24/2020,3114.40,3115.01,3032.13,3050.33,-64.07,-0.0206
6/25/2020,3046.60,3086.25,3024.01,3083.76,37.16,0.0122
6/26/2020,3073.20,3073.73,3004.63,3009.05,-64.15,-0.0209
6/29/2020,3018.59,3053.89,2999.74,3053.24,34.65,0.0115
6/30/2020,3050.20,3111.51,3047.83,3100.29,50.09,0.0164
7/1/2020,3105.92,3128.44,3101.17,3115.86,9.94,0.0032
7/2/2020,3143.64,3165.81,3124.52,3130.01,-13.63,-0.0043
7/6/2020,3155.29,3182.59,3155.29,3179.72,24.43,0.0077
7/7/2020,3166.44,3184.15,3142.93,3145.32,-21.12,-0.0067
7/8/2020,3153.07,3171.80,3136.53,3169.94,16.87,0.0054
7/9/2020,3176.17,3179.78,3115.70,3152.05,-24.12,-0.0076
7/10/2020,3152.47,3186.82,3136.22,3185.04,32.57,0.0103
7/13/2020,3205.08,3235.32,3149.43,3155.22,-49.86,-0.0156
7/14/2020,3141.11,3200.95,3127.66,3197.52,56.41,0.0180
7/15/2020,3225.98,3238.28,3200.76,3226.56,0.58,0.0002
7/16/2020,3208.36,3220.39,3198.59,3215.57,7.21,0.0022
7/17/2020,3224.21,3233.52,3205.65,3224.73,0.52,0.0002
7/20/2020,3224.29,3258.61,3215.16,3251.84,27.55,0.0085
7/21/2020,3268.52,3277.29,3247.77,3257.30,-11.22,-0.0034
7/22/2020,3254.86,3279.32,3253.10,3276.02,21.16,0.0065
7/23/2020,3271.64,3279.99,3222.66,3235.66,-35.98,-0.0110
7/24/2020,3218.58,3227.26,3200.05,3215.63,-2.95,-0.0009
7/27/2020,3219.84,3241.43,3214.25,3239.41,19.57,0.0061
7/28/2020,3234.27,3243.72,3216.17,3218.44,-15.83,-0.0049
7/29/2020,3227.22,3264.74,3227.22,3258.44,31.22,0.0097
7/30/2020,3231.76,3250.92,3204.13,3246.22,14.46,0.0045
7/31/2020,3270.45,3272.17,3220.26,3271.12,0.67,0.0002
8/3/2020,3288.26,3302.73,3284.53,3294.61,6.35,0.0019
8/4/2020,3289.92,3306.84,3286.37,3306.51,16.59,0.0050
8/5/2020,3317.37,3330.77,3317.37,3327.77,10.40,0.0031
8/6/2020,3323.17,3351.03,3318.14,3349.16,25.99,0.0078
8/7/2020,3340.05,3352.54,3328.72,3351.28,11.23,0.0034
8/10/2020,3356.04,3363.29,3335.44,3360.47,4.43,0.0013
8/11/2020,3370.34,3381.01,3326.44,3333.69,-36.65,-0.0109
8/12/2020,3355.46,3387.89,3355.46,3380.35,24.89,0.0074
8/13/2020,3372.95,3387.24,3363.35,3373.43,0.48,0.0001
8/14/2020,3368.66,3378.51,3361.64,3372.85,4.19,0.0012
8/17/2020,3380.86,3387.59,3379.22,3381.99,1.13,0.0003
8/18/2020,3387.04,3395.06,3370.15,3389.78,2.74,0.0008
8/19/2020,3392.51,3399.54,3369.66,3374.85,-17.66,-0.0052
8/20/2020,3360.48,3390.80,3354.69,3385.51,25.03,0.0074
8/21/2020,3386.01,3399.96,3379.31,3397.16,11.15,0.0033
8/24/2020,3418.09,3432.09,3413.13,3431.28,13.19,0.0039
8/25/2020,3435.95,3444.21,3425.84,3443.62,7.67,0.0022
8/26/2020,3449.97,3481.07,3444.15,3478.73,28.76,0.0083
8/27/2020,3485.14,3501.38,3468.35,3484.55,-0.59,-0.0002
8/28/2020,3494.69,3509.23,3484.32,3508.01,13.32,0.0038
8/31/2020,3509.73,3514.77,3493.25,3500.31,-9.42,-0.0027
9/1/2020,3507.44,3528.03,3494.60,3526.65,19.21,0.0055
9/2/2020,3543.76,3588.11,3535.23,3580.84,37.08,0.0105
9/3/2020,3564.74,3564.85,3427.41,3455.06,-109.68,-0.0308
9/4/2020,3453.60,3479.15,3349.63,3426.96,-26.64,-0.0077
9/8/2020,3371.88,3379.97,3329.27,3331.84,-40.04,-0.0119
9/9/2020,3369.82,3424.77,3366.84,3398.96,29.14,0.0086
9/10/2020,3412.56,3425.55,3329.25,3339.19,-73.37,-0.0215
9/11/2020,3352.70,3368.95,3310.47,3340.97,-11.73,-0.0035
9/14/2020,3363.56,3402.93,3363.56,3383.54,19.98,0.0059
9/15/2020,3407.73,3419.48,3389.25,3401.20,-6.53,-0.0019
9/16/2020,3411.23,3428.92,3384.45,3385.49,-25.74,-0.0075
9/17/2020,3346.86,3375.17,3328.82,3357.01,10.15,0.0030
9/18/2020,3357.38,3362.27,3292.40,3319.47,-37.91,-0.0113
9/21/2020,3285.57,3285.57,3229.10,3281.06,-4.51,-0.0014
9/22/2020,3295.75,3320.31,3270.95,3315.57,19.82,0.0060
9/23/2020,3320.11,3323.35,3232.57,3236.92,-83.19,-0.0251
9/24/2020,3226.14,3278.70,3209.45,3246.59,20.45,0.0063
9/25/2020,3236.66,3306.88,3228.44,3298.46,61.80,0.0191
9/28/2020,3333.90,3360.74,3332.91,3351.60,17.70,0.0053
9/29/2020,3350.92,3357.92,3327.54,3335.47,-15.45,-0.0046
9/30/2020,3341.21,3393.56,3340.47,3363.00,21.79,0.0065
10/1/2020,3385.87,3397.18,3361.39,3380.80,-5.07,-0.0015
10/2/2020,3338.94,3369.10,3323.69,3348.42,9.48,0.0028
10/5/2020,3367.27,3409.57,3367.27,3408.60,41.33,0.0123
10/6/2020,3408.74,3431.56,3354.54,3360.97,-47.77,-0.0140
10/7/2020,3384.56,3426.26,3384.56,3419.44,34.88,0.0103
10/8/2020,3434.28,3447.28,3428.15,3446.83,12.55,0.0037
10/9/2020,3459.67,3482.34,3458.07,3477.14,17.47,0.0051
10/12/2020,3500.02,3549.85,3499.61,3534.22,34.20,0.0098
10/13/2020,3534.01,3534.01,3500.86,3511.93,-22.08,-0.0062
10/14/2020,3515.47,3527.94,3480.55,3488.67,-26.80,-0.0076
10/15/2020,3453.72,3489.08,3440.89,3483.34,29.62,0.0086
10/16/2020,3493.50,3515.76,3480.45,3483.81,-9.69,-0.0028
10/19/2020,3493.66,3502.42,3419.93,3426.92,-66.74,-0.0191
10/20/2020,3439.38,3476.93,3435.65,3443.12,3.74,0.0011
10/21/2020,3439.91,3464.86,3433.06,3435.56,-4.35,-0.0013
10/22/2020,3438.50,3460.53,3415.34,3453.49,14.99,0.0044
10/23/2020,3464.90,3466.46,3440.45,3465.39,0.49,0.0001
10/26/2020,3441.42,3441.42,3364.86,3400.97,-40.45,-0.0118
10/27/2020,3403.15,3409.51,3388.71,3390.68,-12.47,-0.0037
10/28/2020,3342.48,3342.48,3268.89,3271.03,-71.45,-0.0214
10/29/2020,3277.17,3341.05,3259.82,3310.11,32.94,0.0101
10/30/2020,3293.59,3304.93,3233.94,3269.96,-23.63,-0.0072
11/2/2020,3296.20,3330.14,3279.74,3310.24,14.04,0.0043
11/3/2020,3336.25,3389.49,3336.25,3369.16,32.91,0.0099
11/4/2020,3406.46,3486.25,3405.17,3443.44,36.98,0.0109
11/5/2020,3485.74,3529.05,3485.74,3510.45,24.71,0.0071
11/6/2020,3508.34,3521.58,3484.34,3509.44,1.10,0.0003
11/9/2020,3583.04,3645.99,3547.48,3550.50,-32.54,-0.0091
11/10/2020,3543.26,3557.22,3511.91,3545.53,2.27,0.0006
11/11/2020,3563.22,3581.16,3557.00,3572.66,9.44,0.0026
11/12/2020,3562.67,3569.02,3518.58,3537.01,-25.66,-0.0072
11/13/2020,3552.57,3593.66,3552.57,3585.15,32.58,0.0092
11/16/2020,3600.16,3628.51,3600.16,3626.91,26.75,0.0074
11/17/2020,3610.31,3623.11,3588.68,3609.53,-0.78,-0.0002
11/18/2020,3612.09,3619.09,3567.33,3567.79,-44.30,-0.0123
11/19/2020,3559.41,3585.22,3543.84,3581.87,22.46,0.0063
11/20/2020,3579.31,3581.23,3556.85,3557.54,-21.77,-0.0061
11/23/2020,3566.82,3589.81,3552.77,3577.59,10.77,0.0030
11/24/2020,3594.52,3642.31,3594.52,3635.41,40.89,0.0114
11/25/2020,3635.50,3635.50,3617.76,3629.65,-5.85,-0.0016
11/27/2020,3638.55,3644.31,3629.33,3638.35,-0.20,-0.0001
11/30/2020,3634.18,3634.18,3594.39,3621.63,-12.55,-0.0035
12/1/2020,3645.87,3678.45,3645.87,3662.45,16.58,0.0045
12/2/2020,3653.78,3670.96,3644.84,3669.01,15.23,0.0042
12/3/2020,3668.28,3682.73,3657.17,3666.72,-1.56,-0.0004
12/4/2020,3670.94,3699.20,3670.94,3699.12,28.18,0.0077
12/7/2020,3694.73,3697.41,3678.88,3691.96,-2.77,-0.0008
12/8/2020,3683.05,3708.45,3678.83,3702.25,19.20,0.0052
12/9/2020,3705.98,3712.39,3660.54,3672.82,-33.16,-0.0089
12/10/2020,3659.13,3678.49,3645.18,3668.10,8.97,0.0025
12/11/2020,3656.08,3665.91,3633.40,3663.46,7.38,0.0020
12/14/2020,3675.27,3697.61,3645.84,3647.49,-27.78,-0.0076
12/15/2020,3666.41,3695.29,3659.62,3694.62,28.21,0.0077
12/16/2020,3696.25,3711.27,3688.57,3701.17,4.92,0.0013
12/17/2020,3713.65,3725.12,3710.87,3722.48,8.83,0.0024
12/18/2020,3722.39,3726.70,3685.84,3709.41,-12.98,-0.0035
12/21/2020,3684.28,3702.90,3636.48,3694.92,10.64,0.0029
12/22/2020,3698.08,3698.26,3676.16,3687.26,-10.82,-0.0029
12/23/2020,3693.42,3711.24,3689.28,3690.01,-3.41,-0.0009
12/24/2020,3694.03,3703.82,3689.32,3703.06,9.03,0.0024
12/28/2020,3723.03,3740.51,3723.03,3735.36,12.33,0.0033
12/29/2020,3750.01,3756.12,3723.31,3727.04,-22.97,-0.0061
12/30/2020,3736.19,3744.63,3730.21,3732.04,-4.15,-0.0011
12/31/2020,3733.27,3760.20,3726.88,3756.07,22.80,0.0061
1/4/2021,3764.61,3769.99,3662.71,3700.65,-63.96,-0.0170
1/5/2021,3698.02,3737.83,3695.07,3726.86,28.84,0.0078
1/6/2021,3712.20,3783.04,3705.34,3748.14,35.94,0.0097
1/7/2021,3764.71,3811.55,3764.71,3803.79,39.08,0.0104
1/8/2021,3815.05,3826.69,3783.60,3824.68,9.63,0.0025
1/11/2021,3803.14,3817.86,3789.02,3799.61,-3.53,-0.0009
1/12/2021,3801.62,3810.78,3776.51,3801.19,-0.43,-0.0001
1/13/2021,3802.23,3820.96,3791.50,3809.84,7.61,0.0020
1/14/2021,3814.98,3823.60,3792.86,3795.54,-19.44,-0.0051
1/15/2021,3788.73,3788.73,3749.62,3768.25,-20.48,-0.0054
1/19/2021,3781.88,3804.53,3780.37,3798.91,17.03,0.0045
1/20/2021,3816.22,3859.75,3816.22,3851.85,35.63,0.0093
